"date","banking_indicator","common_signal","seasonal_component","trend_slope"
"dic-96",-1.56933817126598,-1.45950687245926,0.109831298806724,0.0049417899644848
"ene-97",-1.54996810524728,-1.5125693570899,0.0373987481573788,0.00455879414465776
"feb-97",-1.53264202124772,-1.52426248905214,0.00837953219557419,0.00383689306500791
"mar-97",-1.52246834220453,-1.52861334774646,-0.00614500554192832,0.00294678321726542
"abr-97",-1.51070467924541,-1.54823156574155,-0.0375268864961411,0.00182263098827391
"may-97",-1.50669122000642,-1.55963264127438,-0.0529414212679546,0.000640323643672277
"jun-97",-1.51750188297465,-1.5134855670235,0.00401631595115481,-0.000238019458162091
"jul-97",-1.52119724094831,-1.52750901729407,-0.0063117763457623,-0.00102458817238532
"ago-97",-1.52677708830337,-1.54185435882507,-0.0150772705216966,-0.00169023840552054
"sep-97",-1.53563160059616,-1.52630459125234,0.00932700934381669,-0.00216571436276794
"oct-97",-1.54183267035653,-1.56692201869115,-0.0250893483346208,-0.00253407258515971
"nov-97",-1.55247312731771,-1.57851154971561,-0.0260384223978987,-0.00268724838948161
"dic-97",-1.59382982210051,-1.4828853307746,0.110944491325912,-0.0018139511579384
"ene-98",-1.59056520576585,-1.55339430807014,0.0371708976957026,-0.00107546352617486
"feb-98",-1.58693622321606,-1.57881019259232,0.00812603062374317,-0.000461854512960213
"mar-98",-1.58429393727094,-1.59044614790006,-0.00615221062911742,6.93556873169365e-05
"abr-98",-1.57836908755096,-1.61608617827856,-0.037717090727599,0.000445132921860364
"may-98",-1.58046434002484,-1.63459902851496,-0.0541346884901235,0.000888344199366391
"jun-98",-1.59577228176476,-1.59085676148564,0.00491552027911246,0.00176148277990993
"jul-98",-1.59928990518807,-1.60599623475018,-0.00670632956210437,0.0027747542218336
"ago-98",-1.59981207302069,-1.61465101507139,-0.0148389420507056,0.00387554182718554
"sep-98",-1.6026459803555,-1.59349303225565,0.0091529480998469,0.00515443047335005
"oct-98",-1.5981781235565,-1.62306252899114,-0.0248844054346369,0.00645154408598264
"nov-98",-1.59105327249658,-1.61967662577347,-0.0286233532768903,0.00773078489416448
"dic-98",-1.55833085618213,-1.44285679452881,0.115474061653315,0.00834662764088262
"ene-99",-1.54199839736217,-1.5054596472766,0.0365387500855645,0.00875048803101583
"feb-99",-1.53483850027471,-1.52680118445052,0.0080373158241891,0.0091965703525945
"mar-99",-1.52903668271089,-1.53528253520638,-0.0062458524954867,0.00973276573567566
"abr-99",-1.51305291591365,-1.55137246949568,-0.0383195535820369,0.0101030294948178
"may-99",-1.4934077708076,-1.54986557972413,-0.0564578089165255,0.0102199996256932
"jun-99",-1.48883391536796,-1.4822046739176,0.00662924145036126,0.0104868455707873
"jul-99",-1.49171594665513,-1.4987622880419,-0.00704634138676963,0.0111085657872872
"ago-99",-1.50638932557743,-1.5212610477262,-0.0148717221487709,0.0124146627798952
"sep-99",-1.51076020002477,-1.50133777679371,0.00942242323105669,0.0141663286379329
"oct-99",-1.50395550511888,-1.52865203424907,-0.0246965291301917,0.0161134076510748
"nov-99",-1.50765620781877,-1.53703862833713,-0.0293824205183626,0.0185864484221909
"dic-99",-1.52855833396083,-1.40982602115036,0.118732312810468,0.0221077058293214
"ene-00",-1.49362494869483,-1.45823238465317,0.0353925640416635,0.0252885080363829
"feb-00",-1.39286059269029,-1.38509532835891,0.00776526433137481,0.0264658183390002
"mar-00",-1.30127318664397,-1.30690395474789,-0.00563076810391561,0.0259144885893561
"abr-00",-1.23999479139071,-1.27874610489611,-0.0387513135054054,0.0244244307218039
"may-00",-1.20923377516785,-1.26908493060042,-0.0598511554325736,0.0227661694077858
"jun-00",-1.17299643238275,-1.16522312807403,0.00777330430871248,0.0207503183808809
"jul-00",-1.17827496086448,-1.186542822538,-0.00826786167352234,0.0194253981003686
"ago-00",-1.18988359404585,-1.20422078415412,-0.0143371901082707,0.0189242702264216
"sep-00",-1.20439730583615,-1.19404210236862,0.0103552034675345,0.0193107471701074
"oct-00",-1.23657137601069,-1.26201119395897,-0.0254398179482798,0.021063878712961
"nov-00",-1.22043550919868,-1.25194469420717,-0.0315091850084901,0.0229478233862976
"dic-00",-1.18788659044876,-1.06239842843078,0.125488162017977,0.0245769088251552
"ene-01",-1.14489084979352,-1.10628561678265,0.0386052330108677,0.0257170699066943
"feb-01",-1.11501828259561,-1.108358803102,0.00665947949360857,0.0267469241098608
"mar-01",-1.07623382068556,-1.08318629538977,-0.00695247470421134,0.0274572441814958
"abr-01",-1.0430214305532,-1.08423868818483,-0.0412172576316312,0.0280147950079767
"may-01",-1.0094338815302,-1.07203789562368,-0.0626040140934767,0.0284244181482491
"jun-01",-0.991231796636587,-0.984997926155558,0.00623387048102853,0.0291053911636344
"jul-01",-0.958249663157305,-0.968059078438626,-0.00980941528132129,0.029683456797995
"ago-01",-0.929996965888584,-0.943786042753924,-0.0137890768653406,0.0302995016695722
"sep-01",-0.88367004113222,-0.873837319502091,0.00983272163012983,0.0304901016701354
"oct-01",-0.819110460942861,-0.841814693867779,-0.0227042329249179,0.0297763338995582
"nov-01",-0.78505363766772,-0.818019663252512,-0.0329660255847921,0.0289489413597083
"dic-01",-0.758474290719509,-0.625300300755915,0.133173989963594,0.0281844492489102
"ene-02",-0.729437714818352,-0.688982362896727,0.0404553519216244,0.0273973375996068
"feb-02",-0.693599675304284,-0.687157004872987,0.0064426704312972,0.0263861691373136
"mar-02",-0.65864267239667,-0.667775782863593,-0.00913311046692311,0.0251474895368829
"abr-02",-0.62149137910779,-0.664902257719022,-0.0434108786112325,0.0235901712687579
"may-02",-0.59721759853593,-0.664078213485984,-0.066860614950054,0.022014706722831
"jun-02",-0.601789021819014,-0.595888635792871,0.00590038602614318,0.0211449658974223
"jul-02",-0.586184620917487,-0.598215222752573,-0.0120306018350858,0.0204222983068847
"ago-02",-0.574853780637916,-0.586724841976434,-0.0118710613385172,0.0199409617255066
"sep-02",-0.573704150229698,-0.563268262502119,0.0104358877275795,0.0199584374288715
"oct-02",-0.559470001435932,-0.58137312490745,-0.0219031234715183,0.0201278632758635
"nov-02",-0.550803611816597,-0.585675101653463,-0.0348714898368661,0.0206015317422102
"dic-02",-0.557059178267994,-0.415850625846582,0.141208552421413,0.0217881167276328
"ene-03",-0.519642328405193,-0.476802501160829,0.042839827244364,0.0225598399903193
"feb-03",-0.491103483985278,-0.484721095313891,0.00638238867138757,0.0231728517274808
"mar-03",-0.464480073593739,-0.475598850609446,-0.0111187770157071,0.0236942690468866
"abr-03",-0.434155767681475,-0.480327813173231,-0.0461720454917561,0.0240396933096586
"may-03",-0.412627969447205,-0.485746425167915,-0.0731184557207102,0.0244517953453054
"jun-03",-0.398106398079759,-0.39081620994287,0.0072901881368897,0.0251274932713535
"jul-03",-0.375745721977305,-0.39041755858404,-0.0146718366067355,0.0258766358283424
"ago-03",-0.36894248288552,-0.379269753909234,-0.0103272710237142,0.0271320780425152
"sep-03",-0.356607521565153,-0.34491879304845,0.0116887285167027,0.0287803068812842
"oct-03",-0.335951728806735,-0.357105669165048,-0.0211539403583129,0.0306441993887749
"nov-03",-0.324779430825834,-0.36297108308458,-0.0381916522587465,0.0330249697834975
"dic-03",-0.335643951993505,-0.183062601787401,0.152581350206104,0.0365707782954193
"ene-04",-0.294393963162719,-0.250218391854608,0.0441755713081107,0.0399923780613758
"feb-04",-0.237818045149766,-0.231263818150513,0.00655422699925259,0.0429737709408323
"mar-04",-0.184191203166803,-0.197455057443981,-0.0132638542771782,0.0456723800932429
"abr-04",-0.13744855398445,-0.186620752303295,-0.0491721983188446,0.0483425791580119
"may-04",-0.0789396037895595,-0.159223685215287,-0.0802840814257279,0.0507429138540022
"jun-04",-0.00211421592571013,0.00745211852815699,0.00956633445386712,0.0524508942812647
"jul-04",0.0710892727382166,0.0522216866760696,-0.018867586062147,0.0536080010719776
"ago-04",0.174923745741274,0.166762665548318,-0.00816108019295678,0.053431855801115
"sep-04",0.281298249049346,0.294259872438336,0.01296162338899,0.0518503581091074
"oct-04",0.351150514062549,0.33019942647401,-0.0209510875885387,0.0497910032519555
"nov-04",0.411883198452913,0.368225658054905,-0.0436575403980078,0.0474412035681214
"dic-04",0.500737469045058,0.668182130730586,0.167444661685528,0.0439921019651378
"ene-05",0.536613712658741,0.582574361659879,0.0459606490011383,0.0407584342650844
"feb-05",0.547496878081077,0.553815569311036,0.00631869122995854,0.0383177998449592
"mar-05",0.568173199193904,0.551883302182739,-0.0162898970111645,0.0363454550933005
"abr-05",0.603320229411515,0.551674972577789,-0.0516452568337252,0.034404922300052
"may-05",0.624215949168119,0.537827432893944,-0.0863885162741758,0.0328229886966094
"jun-05",0.647484271159181,0.658744564560332,0.0112602934011504,0.0314946818878244
"jul-05",0.666967521478091,0.646103645588257,-0.0208638758898343,0.0304852162256702
"ago-05",0.702530938023861,0.696491305443868,-0.00603963257999285,0.0293409507102602
"sep-05",0.749853481153942,0.761997931326809,0.0121444501728661,0.0277193672737939
"oct-05",0.776289341105104,0.7547999601472,-0.021489380957904,0.0261318542929688
"nov-05",0.848991729516004,0.802422721363954,-0.0465690081520497,0.0233081354184348
"dic-05",0.960293833961737,1.1388865804434,0.178592746481662,0.018148633517515
"ene-06",0.977289761231698,1.02397944498246,0.046689683750761,0.0130197299827924
"feb-06",0.971911374782177,0.97853162376049,0.00662024897831348,0.00837920091912857
"mar-06",0.933625808547401,0.915908502380489,-0.0177173061669121,0.00497737914703519
"abr-06",0.854277245459474,0.799009583769199,-0.0552676616902757,0.00381397333382774
"may-06",0.75144369183458,0.659737803167332,-0.0917058886672483,0.0054815056636529
"jun-06",0.835907582212146,0.848299870909671,0.0123922886975255,0.00505246574383899
"jul-06",0.87567513968199,0.854597625969449,-0.0210775137125406,0.00370192037417004
"ago-06",0.946052329298185,0.942328475247017,-0.00372385405116871,0.000581492773970993
"sep-06",0.954470514605828,0.965269341746304,0.010798827140476,-0.00274695832608263
"oct-06",0.956368350832194,0.9366218695858,-0.0197464812463938,-0.00619870460643767
"nov-06",0.950365827758783,0.904950678031171,-0.0454151497276125,-0.00965565848794993
"dic-06",0.91783187764523,1.10010067118511,0.182268793539879,-0.012505312507409
"ene-07",0.893055406579399,0.940833544951062,0.0477781383716631,-0.0150292309771288
"feb-07",0.870583866912013,0.874044726915358,0.00346086000334511,-0.0173555947904558
"mar-07",0.861787198026352,0.841730398477186,-0.0200567995491667,-0.019909153649915
"abr-07",0.830635538934012,0.768403738509869,-0.0622318004241431,-0.0221642823592542
"may-07",0.821695794719199,0.739236056628553,-0.0824597380906456,-0.0247704538965399
"jun-07",0.76195462790163,0.770654741549954,0.00870011364832401,-0.0264483345683891
"jul-07",0.721947649517706,0.704422766015115,-0.0175248835025914,-0.0277663036413499
"ago-07",0.672243590650009,0.665492697308596,-0.00675089334141254,-0.0285019392105361
"sep-07",0.615718124874748,0.62612770047518,0.0104095756004313,-0.0284936956433118
"oct-07",0.569820487167166,0.550788179812226,-0.0190323073549398,-0.0280234677728983
"nov-07",0.514314482876356,0.469092800134887,-0.0452216827414694,-0.0268237212430792
"dic-07",0.468695640660775,0.655110440076849,0.186414799416074,-0.0251250618328466
"ene-08",0.43683782379343,0.4861874086515,0.0493495848580696,-0.023247682731887
"feb-08",0.401455454389446,0.402994701117042,0.00153924672759559,-0.0210481907012287
"mar-08",0.360844820525273,0.336895240408557,-0.0239495801167161,-0.0183294173698205
"abr-08",0.364617616110933,0.297629194866521,-0.0669884212444122,-0.0161973430410561
"may-08",0.358927525829172,0.282008498992862,-0.0769190268363107,-0.0143441817209944
"jun-08",0.352052008584928,0.359128690921084,0.00707668233615644,-0.0126892746666218
"jul-08",0.358744631360455,0.343792233477345,-0.0149523978831098,-0.0115488563614778
"ago-08",0.330161116503063,0.320339552163592,-0.00982156433947062,-0.00995625631462039
"sep-08",0.308096871554964,0.318532668862836,0.0104357973078714,-0.00804225203237757
"oct-08",0.292483662723025,0.273645188692595,-0.0188384740304299,-0.0059272781543613
"nov-08",0.263122786406297,0.218495940388315,-0.0446268460179817,-0.00319026390880777
"dic-08",0.247959209998321,0.439380475352708,0.191421265354386,-0.000135420380016746
"ene-09",0.248491609564688,0.29895868357348,0.0504670740087926,0.00290169599641729
"feb-09",0.26349352795649,0.262470188889814,-0.00102333906667584,0.0056176142907661
"mar-09",0.285821952271179,0.2608737356367,-0.0249482166344788,0.00788994733896098
"abr-09",0.296339207078065,0.223600028613465,-0.0727391784645998,0.0100925390144628
"may-09",0.295211964165143,0.223651680725835,-0.0715602834393077,0.0125929576487372
"jun-09",0.297376199277037,0.303551969428235,0.00617577015119836,0.0153702047220254
"jul-09",0.327559012233648,0.312651108549447,-0.0149079036842008,0.0177542539514918
"ago-09",0.337362573621452,0.324796572040262,-0.0125660015811904,0.0203493527897389
"sep-09",0.372337332212745,0.383046467704784,0.0107091354920389,0.0225562230368348
"oct-09",0.411010035999211,0.391296092249471,-0.0197139437497403,0.0243352843943421
"nov-09",0.446017877619852,0.402628590827578,-0.0433892867922743,0.0258310447677832
"dic-09",0.474066600708266,0.671463286766316,0.19739668605805,0.0272679372956597
"ene-10",0.490557088306875,0.542708058395585,0.0521509700887099,0.0289909151581152
"feb-10",0.501605858640011,0.498552073061117,-0.00305378557889402,0.0311901638127898
"mar-10",0.52057038160366,0.493383623982529,-0.0271867576211307,0.0337139397583434
"abr-10",0.55369006394281,0.47452879881394,-0.07916126512887,0.0362534901530824
"may-10",0.60512998054166,0.538660207302638,-0.0664697732390224,0.0383899197713002
"jun-10",0.656428034564098,0.663742981892107,0.00731494732800897,0.0401837054422178
"jul-10",0.700616212453502,0.683808996878068,-0.0168072155754334,0.0418711931602738
"ago-10",0.780418414153536,0.766932136880043,-0.0134862772734933,0.04255180953362
"sep-10",0.882161303357325,0.892900378894613,0.0107390755372875,0.0416612100527963
"oct-10",0.950246886810768,0.929497820975153,-0.0207490658356154,0.0400691806495085
"nov-10",1.03412615191932,0.991068438164207,-0.0430577137551154,0.037314220959121
"dic-10",1.11002906841349,1.3126834892524,0.202654420838917,0.0335349317489096
"ene-11",1.13304567832204,1.18608851617169,0.0530428378496517,0.0300348493740342
"feb-11",1.15200670814497,1.14741964572056,-0.00458706242440643,0.0268287194146557
"mar-11",1.18927488021427,1.16038021450661,-0.0288946657076579,0.023345476187345
"abr-11",1.21809555732362,1.13364161701889,-0.0844539403047311,0.0197168948019647
"may-11",1.26009781022653,1.1983194601339,-0.0617783500926306,0.0154967528611901
"jun-11",1.2663204174035,1.27419484615778,0.00787442875428268,0.0115227913383795
"jul-11",1.23284043089818,1.21629736194003,-0.0165430689581554,0.00874341991974853
"ago-11",1.22652357378789,1.21371153848188,-0.0128120353060068,0.00636382066560014
"sep-11",1.2056595412384,1.21404992595104,0.00839038471263498,0.00470697955144416
"oct-11",1.19209652219926,1.17170827242285,-0.020388249776415,0.0035351120448173
"nov-11",1.23386243195369,1.1907593810916,-0.0431030508620882,0.00134841534748102
"dic-11",1.28314020899064,1.48782734530653,0.204687136315894,-0.00211055706076272
"ene-12",1.26313304093257,1.317073205675,0.0539401647424242,-0.00509446736350737
"feb-12",1.22750273146894,1.22304196129628,-0.00446077017266022,-0.00726780959593644
"mar-12",1.2061961107105,1.1753540657916,-0.0308420449188986,-0.00906849427937085
"abr-12",1.16256086479278,1.0741572062406,-0.0884036585521843,-0.00995161117211849
"may-12",1.1528913610566,1.09378667446497,-0.0591046865916269,-0.0108422165526314
"jun-12",1.13310802847281,1.13920370400073,0.00609567552791845,-0.01149548172343
"jul-12",1.10664347414916,1.09260087984678,-0.0140425943023827,-0.0117513957338385
"ago-12",1.11034263948377,1.09740344526946,-0.0129391942143029,-0.0124174419236537
"sep-12",1.09594145498129,1.10267763737825,0.0067361823969645,-0.0130308300472906
"oct-12",1.08389509735265,1.06776962192839,-0.0161254754242521,-0.0136703508024117
"nov-12",1.04335633355925,1.0009573697193,-0.0423989638399485,-0.0135966546893314
"dic-12",1.00144098443378,1.20360554009952,0.202164555665743,-0.0127712442653212
"ene-13",0.971689768311581,1.02576127210323,0.0540715037916462,-0.0114951037459392
"feb-13",0.952471735284229,0.949294655582983,-0.00317707970124526,-0.0100139595504087
"mar-13",0.919103386228839,0.884969307993683,-0.0341340782351566,-0.00791287756595517
"abr-13",0.932212094901515,0.84218694794295,-0.0900251469585651,-0.00636980955526239
"may-13",0.966378279832122,0.909411801021737,-0.0569664788103842,-0.00590276174145821
"jun-13",0.987293015122372,0.990954197283163,0.00366118216079125,-0.00614757924148464
"jul-13",1.00797928857482,0.998728971099138,-0.00925031747568383,-0.00710469621325765
"ago-13",0.992358698109434,0.977783824209592,-0.0145748738998419,-0.0078357604058629
"sep-13",0.9798166688867,0.985366859908954,0.00555019102225307,-0.00844189759561135
"oct-13",0.978686404419372,0.964580102230516,-0.0141063021888556,-0.00924212068402979
"nov-13",0.960756973249293,0.919184294765444,-0.0415726784838484,-0.0098117407822369
"dic-13",0.952366415540215,1.15243024407121,0.200063828530994,-0.0104190859124703
"ene-14",0.945827085949437,1.00084421037237,0.0550171244229334,-0.0111294184299405
"feb-14",0.931206824976831,0.927832459239147,-0.00337436573768402,-0.0117470872018259
"mar-14",0.911358317125781,0.877171011344612,-0.034187305781169,-0.0121497053168169
"abr-14",0.898163648678189,0.807571856883123,-0.0905917917950662,-0.0125245850859753
"may-14",0.885553914402635,0.82989299140965,-0.0556609229929844,-0.0128972045862319
"jun-14",0.860127849810181,0.861252430864932,0.00112458105475122,-0.0129372479012568
"jul-14",0.864796819099202,0.857940672737362,-0.00685614636183984,-0.0134446448738848
"ago-14",0.840753712213628,0.824821947991262,-0.0159317642223655,-0.0136707077057034
"sep-14",0.830213233630605,0.835381656082116,0.00516842245151117,-0.0139798618690562
"oct-14",0.830625819772226,0.817502585762313,-0.0131232340099129,-0.0146710608036938
"nov-14",0.810832866284349,0.770704933221825,-0.0401279330625232,-0.0152263000796533
"dic-14",0.774689508798418,0.972998057836389,0.198308549037971,-0.0152263000796533
